<editors> 
  <editor id="status"> 
     <range uom="25" subset="0-1" nls="status" />
  </editor>
    <editor id="connect"> 
     <range uom="25" subset="0-1" nls="connect" />
  </editor>
  <editor id="swstate"> 
     <range uom="25" subset="0-1,99" nls="swstate" />
  </editor>     
  <editor id="swctrl"> 
     <range uom="25" subset="0-2,5" nls="swctrl" />
  </editor>
  <editor id="watt"> 
      <range uom="30" min="-1" max="2000" prec="2" />
      <range uom="25" subset="0,99" nls="nosupport" />
  </editor>
  <editor id="energy"> 
     <range uom="33" min="-1" max="2000" prec="2" />
     <range uom="25" subset="0,99" nls="nosupport" />
  </editor>
  <editor id="waterlevel"> 
    <range uom="56" min="0" max="1000" prec="0" />
     <range uom="25" subset="0,97,99" nls="wl_state" />
  </editor>
  <editor id="waterlevelNbr"> 
    <range uom="56" min="0" max="1000" prec="0" />
  </editor>
  <editor id="delay"> 
     <range uom="57" min="0" max="86400" prec="0" />
  </editor>     
  <editor id="delaymin"> 
     <range uom="44" min="0" max="1440" prec="0" />
  </editor>
  <editor id="tempC"> 
        <range uom="4" min="-40" max="105" prec="1" />
        <range uom="17" min="-40" max="221" prec="1" />
        <!--<range uom="26" min="233" max="378" prec="1" />-->
        <range uom="25" subset="98,99" nls="wl_state" />
  </editor>
  <editor id="tempunit"> 
     <range uom="25" subset="0-2,99" nls="tempunit" />
  </editor>    

  <editor id="humidity"> 
     <range uom="51" min="0" max="100" prec="1" />
  </editor>
  <editor id="batlevel"> 
     <range uom="25" subset="0-4,98,99" nls="batlevel" />
  </editor>
  <editor id="doorstate"> 
     <range uom="25" subset="0-1,99" nls="doorstate" />
  </editor>
  <editor id="online"> 
     <range uom="25" subset="0-1" nls="online" />
  </editor>
  <editor id="motionstate"> 
     <range uom="25" subset="0-1,99" nls="motionstate" />
  </editor>
  <editor id="waterstate"> 
     <range uom="25" subset="0-1,99" nls="waterstate" />
  </editor>
  <editor id="manstate"> 
     <range uom="25" subset="0-1,99" nls="manstate" />
  </editor>
    <editor id="manctrl"> 
     <range uom="25" subset="0-1,5" nls="manctrl" />
  </editor>
  <editor id="usbstate"> 
     <range uom="25" subset="0-1,99" nls="usbstate" />
  </editor>     
  <editor id="usbctrl"> 
     <range uom="25" subset="0-2" nls="usbctrl" />
  </editor>
  <editor id="outletnbr"> 
     <range uom="25" subset="0-7" nls="portlist" /> 
  </editor>
  <editor id="vibrastate"> 
     <range uom="25" subset="0-1,99" nls="vibration" />
  </editor>
  <editor id="volume"> 
     <range uom="107" min="0" max="16" prec="0" />
  </editor>
  <editor id="mute"> 
     <range uom="25" subset="0-1,99" nls="sphmute" />
  </editor>
 <editor id="repeat"> 
     <range uom="107" min="0" max="10" prec="0" />
  </editor>
 <editor id="beepEn"> 
     <range uom="25" subset="0-1,99" nls="sphbeepen" />
  </editor>
 <editor id="tone"> 
     <range uom="25" subset="0-4" nls="sphtones" />
  </editor>
 <editor id="messages"> 
     <range uom="25" subset="0-5" nls="sphtts" />
  </editor>
 <editor id="lockstate"> 
     <range uom="25" subset="0-1,99" nls="lockstate" />
  </editor>
 <editor id="lock"> 
     <range uom="25" subset="0-1" nls="lockstate" />
  </editor>
 <editor id="doorbell"> 
     <range uom="25" subset="0-1" nls="doorbell" />
  </editor>
 <editor id="dimlvl"> 
     <range uom="51" min="0" max="100" prec="0" />
  </editor>
 <editor id="nbrcodes"> 
     <range uom="107" min="0" max="64" prec="0" />
  </editor>
 <editor id="cmdstatus"> 
     <range uom="25" subset="0-2,99" nls="cmdstatus" />
  </editor>
 <editor id="txcode"> 
     <range uom="107" min="0" max="63" prec="0" />
  </editor>
 <editor id="poweralert"> 
     <range uom="25" subset="0-2,99" nls="poweralert" />
  </editor>
 <editor id="alertstate"> 
     <range uom="25" subset="0-1,99" nls="alertstate" />
  </editor>
 <editor id="powered"> 
     <range uom="25" subset="0-1,99" nls="powered" />
  </editor>
 <editor id="keypress"> 
     <range uom="25" subset="0-3,8-11,99" nls="keypress" />
  </editor>
 <editor id="keynumber"> 
     <range uom="25" subset="0-3,99" nls="keynumber" />
  </editor>
   <editor id="presstype"> 
     <range uom="25" subset="0,8,99" nls="presstype" />
   </editor>
   <editor id="pfamute"> 
     <range uom="25" subset="0-1,99" nls="pfamute" />
   </editor>
    <editor id="keyscenedef"> 
     <range uom="25" subset="0-5,99" nls="keyscenedef" />
   </editor>
   <editor id="keyscene"> 
     <range uom="25" subset="0-5" nls="keyscene" />
   </editor>
   <editor id="keycmd"> 
     <range uom="25" subset="0-5, 99" nls="keycmd" />
   </editor>  
   <editor id="sirenstate"> 
     <range uom="25" subset="0-2, 99" nls="sirenstate" />
   </editor>  
   <editor id="sirenduration"> 
     <range uom="58" min="0" max="3600" prec="0" />
   </editor>
   <editor id="sirenbatlevel"> 
     <range uom="25" subset="0-4,98,99" nls="sirenbatlvl" />
   </editor>
   <editor id="sirenctrl"> 
     <range uom="25" subset="0-1" nls="sirenctrl" />
   </editor>
   <editor id="cmdsetting"> 
     <range uom="25" subset="0-3" nls="cmdsetting" />
   </editor> 
   <editor id="suspendstate"> 
     <range uom="25" subset="0-2, 99" nls="suspended" />
   </editor> 
   <editor id="alarm"> 
     <range uom="25" subset="0-1, 99" nls="alarm" />
   </editor> 
   <editor id="alert"> 
     <range uom="25" subset="0-1, 99" nls="alarm" />
   </editor> 
   <editor id="watermeter"> 
     <range uom="69" min="0" max="214748364" prec="1" />
     <range uom="25" subset="0,99" nls="error" />
   </editor> 
   <editor id="pwrmode"> 
     <range uom="25" subset="0-1, 99" nls="pwrmode" />
   </editor>    
   <editor id="deviceAlert"> 
     <range uom="25" subset="0-1, 99" nls="deviceAlert" />
   </editor>    
   <editor id="SmokeAlert"> 
     <range uom="25" subset="0-1,98,99" nls="SmokeAlert" />
   </editor>   
   <editor id="COAlert"> 
     <range uom="25" subset="0-1,98,99" nls="COAlert" />
   </editor>   
   <editor id="TempAlert"> 
     <range uom="25" subset="0-1,98,99" nls="TempAlert" />
   </editor>   
   <editor id="BatteryAlert"> 
     <range uom="25" subset="0-1,98,99" nls="BatteryAlert" />
   </editor>   
   <editor id="SelfcheckState"> 
     <range uom="25" subset="0-1,99" nls="SelfcheckState" />
   </editor>   

   <editor id="outport"> 
     <range uom="25" subset="0-3,99" nls="portlist" />
   </editor>   
   <editor id="sch_active"> 
     <range uom="25" subset="0-2,99" nls="sch_active" />
   </editor>   
   <editor id="sch_activeI"> 
     <range uom="25" subset="0-1" nls="sch_active" />
   </editor>   
   <editor id="sch_index"> 
     <range uom="25" subset="0-9,99" nls="sch_index" />
   </editor>  
   <editor id="sch_indexM"> 
     <range uom="25" subset="0-9" nls="sch_indexM" />
   </editor>   
   <editor id="sch_indexS"> 
     <range uom="25" subset="0-5" nls="sch_indexS" />
   </editor>  
   <editor id="stHour"> 
     <range uom="19" min="0" max="24" />
     <range uom="25" subset="98,99" nls="notdefined" />
   </editor>  
   <editor id="stMin"> 
     <range uom="44" min="0" max="59" />
     <range uom="25" subset="98,99" nls="notdefined" />
   </editor>  
    <editor id="stSec"> 
     <range uom="57" min="0" max="59" />
     <range uom="25" subset="0,99" nls="nosupport" />
   </editor>  
    <editor id="stHourI"> 
     <range uom="19" min="0" max="24" />
     <range uom="25" subset="98" nls="notdefined" />
   </editor>  
   <editor id="stMinI"> 
     <range uom="44" min="0" max="59" />
     <range uom="25" subset="98" nls="notdefined" />
   </editor>  
    <editor id="stSecI"> 
     <range uom="57" min="0" max="59" />
     <range uom="25" subset="0" nls="nosupport" />
   </editor>  
   <editor id="binDays"> 
     <range uom="25" subset="0-127" nls="bindays" />
   </editor>  
   <editor id="epochtime"> 
     <range uom="44" min="0" max="9999999999" prec="0" />
     <range uom="25" subset="0,99" nls="error" />
   </editor>    
   <editor id="ready"> 
     <range uom="25" subset="0,1" nls="ready" />
   </editor>     
</editors>